model,dataset_name,perturbation,latent_dim,cell_r2,cell_l2,cell_mmd,experiment_type
simplified_chemcpa,sciplex3-hvg-top1k_50,flavopiridol_hcl,50,0.7647981525234989,1.0536525,0.2200781291502821,iid
simplified_chemcpa,sciplex3-hvg-top1k_50,givinostat,50,0.8439390365350449,1.0478401,0.1540240549300301,iid
simplified_chemcpa,sciplex3-hvg-top1k_50,belinostat,50,0.316139119009574,1.8874775,0.1537582859718105,iid
simplified_chemcpa,sciplex3-hvg-top1k_50,tak_901,50,0.9406772150256928,0.5224047,0.1559759449538999,iid
simplified_chemcpa,sciplex3-hvg-top1k_50,jnj_26854165,50,0.9827320512050344,0.7950388,0.1568387779325712,iid
simplified_chemcpa,sciplex3-hvg-top1k_50,hesperadin,50,0.6501384055406213,1.5776225,0.1531899914467704,iid
simplified_chemcpa,sciplex3-hvg-top1k_50,flavopiridol_hcl,50,0.5222582634557257,1.5464036,0.1622218937393643,iid
simplified_chemcpa,sciplex3-hvg-top1k_50,tanespimycin,50,0.9108976347066322,0.51262724,0.1518821784670327,iid
simplified_chemcpa,sciplex3-hvg-top1k_50,hesperadin,50,0.5868222646540889,1.8201196,0.1938139489266956,iid
simplified_chemcpa,sciplex3-hvg-top1k_50,belinostat,50,0.4941399457103105,1.569166,0.1727492927683308,iid
simplified_chemcpa,sciplex3-hvg-top1k_50,dacinostat,50,0.0435607290799009,3.3460681,0.2045947692691055,iid
simplified_chemcpa,sciplex3-hvg-top1k_50,givinostat,50,0.4089848055988574,2.037822,0.1647527046469564,iid
simplified_chemcpa,sciplex3-hvg-top1k_50,tanespimycin,50,0.9444704468398152,0.40463775,0.1777425594951202,iid
simplified_chemcpa,sciplex3-hvg-top1k_50,alvespimycin_hcl,50,0.425820783191621,1.5566341,0.1630398721176989,iid
simplified_chemcpa,sciplex3-hvg-top1k_50,tak_901,50,0.8951388126712142,0.694136,0.1600548018513277,iid
simplified_chemcpa,sciplex3-hvg-top1k_50,flavopiridol_hcl,50,0.7605113818523176,1.0473334,0.1586100116330788,iid
simplified_chemcpa,sciplex3-hvg-top1k_50,flavopiridol_hcl,50,0.8027961310226753,0.93785596,0.1882727936684913,iid
simplified_chemcpa,sciplex3-hvg-top1k_50,givinostat,50,0.2884987290004502,2.4659739,0.1517448195865131,iid
simplified_chemcpa,sciplex3-hvg-top1k_50,alvespimycin_hcl,50,0.2225902865421839,2.429409,0.1790833884549683,iid
simplified_chemcpa,sciplex3-hvg-top1k_50,givinostat,50,0.3225178725981211,2.2573273,0.1709790658248055,iid
simplified_chemcpa,sciplex3-hvg-top1k_50,jnj_26854165,50,0.9596378843647232,0.60978353,0.166184627356688,iid
simplified_chemcpa,sciplex3-hvg-top1k_50,alvespimycin_hcl,50,0.8610351386907494,0.7874094,0.2044732744650957,iid
simplified_chemcpa,sciplex3-hvg-top1k_50,dacinostat,50,0.0378259927818277,3.323371,0.191592387407903,iid
simplified_chemcpa,sciplex3-hvg-top1k_50,givinostat,50,0.468126203388775,1.9111295,0.1452003433647442,iid
simplified_chemcpa,sciplex3-hvg-top1k_50,tanespimycin,50,0.4932522593945359,1.3361896,0.1899718217069354,iid
simplified_chemcpa,sciplex3-hvg-top1k_50,jnj_26854165,50,0.9802481804591424,0.8991117,0.1679012747882188,iid
simplified_chemcpa,sciplex3-hvg-top1k_50,jnj_26854165,50,0.8034359696133955,1.1513344,0.1671591902189538,iid
simplified_chemcpa,sciplex3-hvg-top1k_50,tak_901,50,0.8550374187321377,0.93520904,0.1379485624565109,iid
simplified_chemcpa,sciplex3-hvg-top1k_50,alvespimycin_hcl,50,0.7654297923432629,0.7767332,0.1765448656278552,iid
simplified_chemcpa,sciplex3-hvg-top1k_50,alvespimycin_hcl,50,0.7710537021099766,0.77729434,0.1697783291916249,iid
simplified_chemcpa,sciplex3-hvg-top1k_50,dacinostat,50,0.0733602217815477,3.6471024,0.1925147026507328,iid
simplified_chemcpa,sciplex3-hvg-top1k_50,belinostat,50,0.8272599116489354,1.3057817,0.1746915362484846,iid
simplified_chemcpa,sciplex3-hvg-top1k_50,belinostat,50,0.7050275777835148,1.3011041,0.1558363761233213,iid
simplified_chemcpa,sciplex3-hvg-top1k_50,tanespimycin,50,0.8994026345480441,0.65267366,0.1739883013142746,iid
simplified_chemcpa,sciplex3-hvg-top1k_50,tanespimycin,50,0.9205398908634324,0.50387526,0.1595948914034831,iid
simplified_chemcpa,sciplex3-hvg-top1k_50,dacinostat,50,0.0216384701313935,3.2446156,0.184466393820573,iid
simplified_chemcpa,sciplex3-hvg-top1k_50,jnj_26854165,50,0.936985937763336,0.5365177,0.1466815588408371,iid
simplified_chemcpa,sciplex3-hvg-top1k_50,hesperadin,50,0.0744024631462332,3.4846275,0.3412317194186035,iid
simplified_chemcpa,sciplex3-hvg-top1k_50,hesperadin,50,0.9052271444099604,1.0158135,0.1551109385194633,iid
simplified_chemcpa,sciplex3-hvg-top1k_50,tak_901,50,0.901028603512762,0.7544376,0.1761652096672975,iid
simplified_chemcpa,sciplex3-hvg-top1k_50,hesperadin,50,0.6805331476624281,1.5512364,0.1723590824585977,iid
simplified_chemcpa,sciplex3-hvg-top1k_50,belinostat,50,0.3861528934884156,2.1459112,0.1626589496160018,iid
simplified_chemcpa,sciplex3-hvg-top1k_50,dacinostat,50,0.0320970405732311,3.3783808,0.199744219398465,iid
simplified_chemcpa,sciplex3-hvg-top1k_50,tak_901,50,0.8445879291689711,1.0071001,0.2001049567866887,iid
simplified_chemcpa,sciplex3-hvg-top1k_50,flavopiridol_hcl,50,0.6160406481955086,1.459818,0.2059657090592048,iid
simplified_chemcpa,4i-melanoma-8h-48,trametinib_midostaurin,8,0.1432855540622015,1.5451433729158843,0.0577929663915058,iid
simplified_chemcpa,4i-melanoma-8h-48,staurosporine,8,0.0153265414815752,5.463016630091723,0.2251035509729013,iid
simplified_chemcpa,4i-melanoma-8h-48,staurosporine,8,0.0007969034257615,5.325778150544367,0.2177663381002917,iid
simplified_chemcpa,4i-melanoma-8h-48,vindesine,8,0.3556972294339652,0.782602341655536,0.0232506116843983,iid
simplified_chemcpa,4i-melanoma-8h-48,everolimus,8,0.5168100431730649,0.7926589059189789,0.0200969714512471,iid
simplified_chemcpa,4i-melanoma-8h-48,vindesine,8,0.2814334442714014,0.8637375752451847,0.0259920428851099,iid
simplified_chemcpa,4i-melanoma-8h-48,regorafenib,8,0.2528041501086791,1.296185768245396,0.0425801459777468,iid
simplified_chemcpa,4i-melanoma-8h-48,vindesine,8,0.0687574373766923,1.2654187381677855,0.0398933641714374,iid
simplified_chemcpa,4i-melanoma-8h-48,cisplatin_olaparib,8,0.1785020871419953,1.04019405450118,0.0317614094740208,iid
simplified_chemcpa,4i-melanoma-8h-48,sorafenib,8,0.2126855645539295,1.0894247573631697,0.0349071745268008,iid
simplified_chemcpa,4i-melanoma-8h-48,temozolomide,8,0.267628240977603,0.6917689160716277,0.0162899274768886,iid
simplified_chemcpa,4i-melanoma-8h-48,imatinib,8,0.0260572118557048,2.013168761233385,0.0574319390679956,iid
simplified_chemcpa,4i-melanoma-8h-48,paclitaxel,8,0.0013630534727139,2.702687218179199,0.0776355598652039,iid
simplified_chemcpa,4i-melanoma-8h-48,imatinib,8,0.0002208967405201,2.2047788059963827,0.0618891750182031,iid
simplified_chemcpa,4i-melanoma-8h-48,dexamethasone,8,0.4816912104562899,0.8034736436358653,0.0304963998740146,iid
simplified_chemcpa,4i-melanoma-8h-48,trametinib_midostaurin,8,0.0187991670983773,1.8456960530314197,0.0776688020647737,iid
simplified_chemcpa,4i-melanoma-8h-48,ixazomib,8,0.0004724051767723,2.243012820531598,0.0740971513580123,iid
simplified_chemcpa,4i-melanoma-8h-48,cisplatin_olaparib,8,0.1079915234578618,0.9641466356766294,0.0253803061578677,iid
simplified_chemcpa,4i-melanoma-8h-48,melphalan,8,0.3391087181470343,0.8045567529349407,0.0228631685078104,iid
simplified_chemcpa,4i-melanoma-8h-48,trametinib_dabrafenib,8,0.0928034563291574,1.714305858184346,0.0730414403098788,iid
simplified_chemcpa,4i-melanoma-8h-48,ulixertinib,8,0.0999617999646508,1.8766114869838428,0.0742279069712886,iid
simplified_chemcpa,4i-melanoma-8h-48,cisplatin_olaparib,8,0.0805386654300271,1.1211915624371196,0.0340342665025114,iid
simplified_chemcpa,4i-melanoma-8h-48,pomalidomide_carfilzomib_dexamethasone,8,0.0334627465454868,2.104043901200367,0.0679493127827433,iid
simplified_chemcpa,4i-melanoma-8h-48,vemurafenib_cobimetinib,8,0.0041851896346915,1.964776033429768,0.0754244407708007,iid
simplified_chemcpa,4i-melanoma-8h-48,decitabine,8,0.1035400737255641,0.9838412230057728,0.0308425074698821,iid
simplified_chemcpa,4i-melanoma-8h-48,regorafenib,8,0.0944761977438674,1.5106892705842687,0.054644590260352,iid
simplified_chemcpa,4i-melanoma-8h-48,dexamethasone,8,0.5820653795705738,0.6839163996109504,0.0237005858865964,iid
simplified_chemcpa,4i-melanoma-8h-48,trametinib_erlotinib,8,0.4186244905648311,1.1770042173459194,0.0485299040546057,iid
simplified_chemcpa,4i-melanoma-8h-48,hydroxyurea,8,0.0702201525794542,1.0634732057828111,0.0293727352610227,iid
simplified_chemcpa,4i-melanoma-8h-48,cisplatin_olaparib,8,0.1807012108327329,1.1817755057739456,0.0444297239893412,iid
simplified_chemcpa,4i-melanoma-8h-48,erlotinib,8,0.6054642858200437,0.5781117227005348,0.0171426418632978,iid
simplified_chemcpa,4i-melanoma-8h-48,ixazomib,8,0.0339477589892469,1.8986951898947275,0.0566153525595095,iid
simplified_chemcpa,4i-melanoma-8h-48,dabrafenib,8,0.1557585296883963,1.0828345662105163,0.0269390898179539,iid
simplified_chemcpa,4i-melanoma-8h-48,midostaurin,8,0.3412895156585862,0.9894608768322666,0.029829962472315,iid
simplified_chemcpa,4i-melanoma-8h-48,midostaurin,8,0.5861337564727702,0.790885348077559,0.0255372952310819,iid
simplified_chemcpa,4i-melanoma-8h-48,olaparib,8,0.4028020052209807,0.6485053716029128,0.0167090418297728,iid
simplified_chemcpa,4i-melanoma-8h-48,staurosporine,8,0.1281845934622284,5.653990023734572,0.2625808517878962,iid
simplified_chemcpa,4i-melanoma-8h-48,cisplatin,8,0.2619502794143215,0.8817919407794267,0.0268579028888632,iid
simplified_chemcpa,4i-melanoma-8h-48,sec.abcl,8,0.189055862029523,2.936248620343461,0.1939589940645602,iid
simplified_chemcpa,4i-melanoma-8h-48,lenalidomide,8,0.1817413076648499,0.7771185237630207,0.0188801419332426,iid
simplified_chemcpa,4i-melanoma-8h-48,sorafenib,8,0.0050794820533655,1.308419098211874,0.0374415808929387,iid
simplified_chemcpa,4i-melanoma-8h-48,panobinostat,8,0.2985529502622377,1.0603498520536057,0.0324006883947836,iid
simplified_chemcpa,4i-melanoma-8h-48,trametinib_erlotinib,8,0.3323582326977397,1.3743552612938628,0.0586757264431741,iid
simplified_chemcpa,4i-melanoma-8h-48,melphalan,8,0.1718643449041246,1.2449981915246828,0.0397336852067996,iid
simplified_chemcpa,4i-melanoma-8h-48,crizotinib,8,0.0512684146936561,2.718147532388133,0.0803701355424184,iid
simplified_chemcpa,4i-melanoma-8h-48,trametinib_midostaurin,8,0.0554488628955631,1.6731332307038964,0.0683201193936143,iid
simplified_chemcpa,4i-melanoma-8h-48,dabrafenib,8,0.6879907293289668,0.6306259759140764,0.0135513774884463,iid
simplified_chemcpa,4i-melanoma-8h-48,trametinib_midostaurin,8,0.0316803524103354,2.0097986227097837,0.0827228584383823,iid
simplified_chemcpa,4i-melanoma-8h-48,sec.abcl,8,0.2013800782694712,3.179248632612659,0.2095589269272085,iid
simplified_chemcpa,4i-melanoma-8h-48,decitabine,8,0.3558856410257842,0.7982547346921126,0.0241972754766631,iid
simplified_chemcpa,4i-melanoma-8h-48,panobinostat,8,0.3996774040307161,0.8894162481014296,0.0264421298005375,iid
simplified_chemcpa,4i-melanoma-8h-48,pomalidomide_carfilzomib_dexamethasone,8,0.1361359813556259,1.616035312905401,0.0539308920511346,iid
simplified_chemcpa,4i-melanoma-8h-48,everolimus,8,0.1723441867792636,1.138093460055329,0.0323943491778429,iid
simplified_chemcpa,4i-melanoma-8h-48,regorafenib,8,0.1557491625497969,1.3884418122782658,0.0523448860387183,iid
simplified_chemcpa,4i-melanoma-8h-48,panobinostat,8,0.1705969929197103,1.0031634651562158,0.0338083039269549,iid
simplified_chemcpa,4i-melanoma-8h-48,olaparib,8,0.6104700844003321,0.6490312055479598,0.017710342110985,iid
simplified_chemcpa,4i-melanoma-8h-48,staurosporine,8,0.1762822794845333,4.6043336073744605,0.1740400477664402,iid
simplified_chemcpa,4i-melanoma-8h-48,ixazomib,8,0.043854249657265,1.865921476448295,0.0604845557042733,iid
simplified_chemcpa,4i-melanoma-8h-48,pomalidomide_carfilzomib_dexamethasone,8,0.0269151564100745,2.1677997402978537,0.0792735219423834,iid
simplified_chemcpa,4i-melanoma-8h-48,panobinostat,8,0.129985353628609,1.1761982856990758,0.0406024414295083,iid
simplified_chemcpa,4i-melanoma-8h-48,erlotinib,8,0.2820325306591746,0.8188248323409918,0.0214594631395339,iid
simplified_chemcpa,4i-melanoma-8h-48,midostaurin,8,0.3919768377633054,0.9787623633184768,0.0273620645126579,iid
simplified_chemcpa,4i-melanoma-8h-48,dasatinib,8,0.0429179282274055,1.8612750007253904,0.0395355096576257,iid
simplified_chemcpa,4i-melanoma-8h-48,paclitaxel,8,0.0146020986769356,2.9370924713117548,0.0851617696649553,iid
simplified_chemcpa,4i-melanoma-8h-48,melphalan,8,0.2587095581092519,0.6695144297199943,0.0149869577962602,iid
simplified_chemcpa,4i-melanoma-8h-48,panobinostat,8,0.3339599047777848,0.8853888434210986,0.0331626421058561,iid
simplified_chemcpa,4i-melanoma-8h-48,ulixertinib,8,0.3200995743706918,1.6363346164544397,0.0652268117484031,iid
simplified_chemcpa,4i-melanoma-8h-48,erlotinib,8,0.2133656876991957,0.8061375756815536,0.0169100808488377,iid
simplified_chemcpa,4i-melanoma-8h-48,ixazomib_lenalidomide_dexamethasone,8,0.0893376175653332,1.3178765055294113,0.0285315859189831,iid
simplified_chemcpa,4i-melanoma-8h-48,trametinib_panobinostat,8,0.1012363337455108,1.688420646529229,0.0765170323692779,iid
simplified_chemcpa,4i-melanoma-8h-48,dabrafenib,8,0.5950154060148519,0.8314773080133975,0.0204875041163167,iid
simplified_chemcpa,4i-melanoma-8h-48,cisplatin,8,0.4385990463872489,0.7654022086393583,0.0244588394012309,iid
simplified_chemcpa,4i-melanoma-8h-48,dabrafenib,8,0.2599589351986058,0.8749421048241454,0.022651319809841,iid
simplified_chemcpa,4i-melanoma-8h-48,paclitaxel,8,0.0528866646610249,2.2132283197783678,0.066608867552362,iid
simplified_chemcpa,4i-melanoma-8h-48,everolimus,8,0.1208823249604663,1.2032879783088009,0.0319609068250622,iid
simplified_chemcpa,4i-melanoma-8h-48,midostaurin,8,0.499503236276698,0.8696870341072026,0.0272026406889702,iid
simplified_chemcpa,4i-melanoma-8h-48,trametinib,8,0.0085304091411425,2.0184736076104417,0.0980045653542407,iid
simplified_chemcpa,4i-melanoma-8h-48,cisplatin,8,0.2567531263762695,0.7985977637682197,0.0224842599705036,iid
simplified_chemcpa,4i-melanoma-8h-48,lenalidomide,8,0.1806212024862552,0.8456088683261258,0.0218717452076705,iid
simplified_chemcpa,4i-melanoma-8h-48,dacarbazine,8,0.3847830117520875,0.7055097307111713,0.0159894359715349,iid
simplified_chemcpa,4i-melanoma-8h-48,trametinib_erlotinib,8,0.248383399600433,1.536344016890392,0.0643668151417144,iid
simplified_chemcpa,4i-melanoma-8h-48,trametinib_erlotinib,8,0.164984830577608,1.71364705684629,0.0744836687056473,iid
simplified_chemcpa,4i-melanoma-8h-48,ixazomib_lenalidomide_dexamethasone,8,0.2687892913276134,1.0774150360930563,0.0266238025930696,iid
simplified_chemcpa,4i-melanoma-8h-48,trametinib_dabrafenib,8,0.213474278173303,1.445726895238892,0.0627415964078351,iid
simplified_chemcpa,4i-melanoma-8h-48,sorafenib,8,0.385460749505315,0.996587308308328,0.0267316733051665,iid
simplified_chemcpa,4i-melanoma-8h-48,ixazomib_lenalidomide_dexamethasone,8,0.0966195142039346,1.337164532853086,0.0456368848101015,iid
simplified_chemcpa,4i-melanoma-8h-48,cisplatin_olaparib,8,0.0805144717941749,1.1370048818738157,0.0378463767309301,iid
simplified_chemcpa,4i-melanoma-8h-48,hydroxyurea,8,0.1413807531745555,1.0057522798332394,0.031258232055218,iid
simplified_chemcpa,4i-melanoma-8h-48,crizotinib,8,0.0446657603520325,2.784777812175303,0.088232870160407,iid
simplified_chemcpa,4i-melanoma-8h-48,dasatinib,8,0.1200536685376167,1.7680339799536005,0.0337212256035058,iid
simplified_chemcpa,4i-melanoma-8h-48,olaparib,8,0.0738556422824703,0.9707221778856362,0.026520051042485,iid
simplified_chemcpa,4i-melanoma-8h-48,dasatinib,8,1.748783819915358e-05,2.1025715413507124,0.0457538645059961,iid
simplified_chemcpa,4i-melanoma-8h-48,vemurafenib_cobimetinib,8,0.150253330820036,1.5830963599241563,0.0488589442997794,iid
simplified_chemcpa,4i-melanoma-8h-48,lenalidomide,8,0.2807128566719257,0.7092066327209021,0.018248132171208,iid
simplified_chemcpa,4i-melanoma-8h-48,trametinib_dabrafenib,8,0.1455498241468195,1.6099999784542185,0.0692969349931606,iid
simplified_chemcpa,4i-melanoma-8h-48,vemurafenib_cobimetinib,8,0.0254452152629313,1.867660633243107,0.0668728167077046,iid
simplified_chemcpa,4i-melanoma-8h-48,trametinib_panobinostat,8,0.4973594371601096,1.172066779082411,0.0469483126268718,iid
simplified_chemcpa,4i-melanoma-8h-48,mln2480,8,0.3180331251495546,1.1127292768408663,0.0366801113825729,iid
simplified_chemcpa,4i-melanoma-8h-48,vemurafenib_cobimetinib,8,0.038711175431463,2.4471702813856524,0.1087136392755678,iid
simplified_chemcpa,4i-melanoma-8h-48,dacarbazine,8,0.2319343631093913,0.8983348273307639,0.0256697259755078,iid
simplified_chemcpa,4i-melanoma-8h-48,decitabine,8,0.494506294500887,0.5577951733009546,0.0145135054207214,iid
simplified_chemcpa,4i-melanoma-8h-48,cl,8,0.733139062109633,0.3480886813558417,0.0096706251667926,iid
simplified_chemcpa,4i-melanoma-8h-48,imatinib,8,0.1635486551157992,1.7577458529862986,0.0447062876191984,iid
simplified_chemcpa,4i-melanoma-8h-48,regorafenib,8,0.0423297168596528,1.6498107794683443,0.0578827467965628,iid
simplified_chemcpa,4i-melanoma-8h-48,sec.abcl,8,0.4635508436074189,2.5501421175056977,0.1671558073117696,iid
simplified_chemcpa,4i-melanoma-8h-48,hydroxyurea,8,0.0220719337808737,1.153378395136655,0.0365724762484325,iid
simplified_chemcpa,4i-melanoma-8h-48,crizotinib,8,0.0023068337644854,3.067878042613279,0.102769783933732,iid
simplified_chemcpa,4i-melanoma-8h-48,dexamethasone,8,0.2664019465139463,0.9411889191359112,0.031144146242558,iid
simplified_chemcpa,4i-melanoma-8h-48,ixazomib_lenalidomide_dexamethasone,8,0.0878732313250797,1.2917720646739204,0.0347660010337234,iid
simplified_chemcpa,4i-melanoma-8h-48,mln2480,8,0.2434189423020525,1.1765532237038228,0.041800436890714,iid
simplified_chemcpa,4i-melanoma-8h-48,paclitaxel,8,0.0094929976423096,2.3410238024578645,0.0663792317479808,iid
simplified_chemcpa,4i-melanoma-8h-48,everolimus,8,0.14941970697918,1.2006444148039643,0.0267085898608928,iid
simplified_chemcpa,4i-melanoma-8h-48,dasatinib,8,0.0311517073883902,1.8568757615992568,0.0395465194415504,iid
simplified_chemcpa,4i-melanoma-8h-48,palbociclib,8,0.4728908232916113,0.7849424199646983,0.0203222794805979,iid
simplified_chemcpa,4i-melanoma-8h-48,dacarbazine,8,0.5639553395617136,0.6532300893559864,0.0178580211035723,iid
simplified_chemcpa,4i-melanoma-8h-48,vemurafenib_cobimetinib,8,0.2043133945355001,1.5407831526164313,0.0600773151890425,iid
simplified_chemcpa,4i-melanoma-8h-48,dexamethasone,8,0.3875579436379491,0.8672062318958201,0.0279197082243582,iid
simplified_chemcpa,4i-melanoma-8h-48,temozolomide,8,0.1110054290630916,0.9523397870557856,0.0248630653704922,iid
simplified_chemcpa,4i-melanoma-8h-48,regorafenib,8,0.003250430145558,1.7799528401520783,0.0615718781323658,iid
simplified_chemcpa,4i-melanoma-8h-48,trametinib,8,0.0769534808682657,1.7455062227818476,0.0798838542186722,iid
simplified_chemcpa,4i-melanoma-8h-48,trametinib_dabrafenib,8,0.0511464751355753,1.7099277283060368,0.0781167753176009,iid
simplified_chemcpa,4i-melanoma-8h-48,ixazomib_lenalidomide_dexamethasone,8,0.1562478267240304,1.1245741157761124,0.03382138833186,iid
simplified_chemcpa,4i-melanoma-8h-48,cisplatin,8,0.1697544119595419,0.9732491353804712,0.0276941506239375,iid
simplified_chemcpa,4i-melanoma-8h-48,temozolomide,8,0.4148783946161484,0.7108611799901682,0.0197847944655813,iid
simplified_chemcpa,4i-melanoma-8h-48,paclitaxel,8,2.2074288407530723e-06,2.4387561933963267,0.0614542349791924,iid
simplified_chemcpa,4i-melanoma-8h-48,palbociclib,8,0.2961701981765589,1.157599922333575,0.0387154174887995,iid
simplified_chemcpa,4i-melanoma-8h-48,trametinib_panobinostat,8,0.1411606739625323,1.8443008563314909,0.096650549292868,iid
simplified_chemcpa,4i-melanoma-8h-48,ulixertinib,8,0.2426533383579103,1.675809045745254,0.0696430106780334,iid
simplified_chemcpa,4i-melanoma-8h-48,lenalidomide,8,0.6049692275668924,0.5311028995721586,0.0125502725748635,iid
simplified_chemcpa,4i-melanoma-8h-48,dacarbazine,8,0.2722732336635191,0.9079793315078488,0.0246771979618752,iid
simplified_chemcpa,4i-melanoma-8h-48,temozolomide,8,0.4432556337478753,0.689923601697215,0.0146718320152808,iid
simplified_chemcpa,4i-melanoma-8h-48,trametinib,8,0.0546146000071425,1.7020089480171572,0.0728454399576162,iid
simplified_chemcpa,4i-melanoma-8h-48,trametinib,8,0.2609755816569892,1.3344866181837145,0.0560178463496134,iid
simplified_chemcpa,4i-melanoma-8h-48,everolimus,8,0.1462335765283664,1.171763277875086,0.0282617742928296,iid
simplified_chemcpa,4i-melanoma-8h-48,pomalidomide_carfilzomib_dexamethasone,8,0.0155847560526747,2.0140489575986926,0.060523798688335,iid
simplified_chemcpa,4i-melanoma-8h-48,cisplatin,8,0.2728388188263689,0.7111792896712424,0.021233914904768,iid
simplified_chemcpa,4i-melanoma-8h-48,sorafenib,8,0.0015497066855892,1.4323729948194162,0.0434277955982421,iid
simplified_chemcpa,4i-melanoma-8h-48,ulixertinib,8,0.0273649345592196,2.0608137232550248,0.0885704032288051,iid
simplified_chemcpa,4i-melanoma-8h-48,ixazomib,8,0.0669810027470026,2.046073678144236,0.0605376914778849,iid
simplified_chemcpa,4i-melanoma-8h-48,cl,8,0.5158865411249011,0.459531199954987,0.0109167894966645,iid
simplified_chemcpa,4i-melanoma-8h-48,melphalan,8,0.2126167408966229,0.8897654287604801,0.0277673854306092,iid
simplified_chemcpa,4i-melanoma-8h-48,trametinib,8,0.1085314473361104,1.926795548565621,0.0915651864804547,iid
simplified_chemcpa,4i-melanoma-8h-48,palbociclib,8,0.3220378820395984,0.8802411693669602,0.0217973618434238,iid
simplified_chemcpa,4i-melanoma-8h-48,olaparib,8,0.1546939486640947,1.1607142338219891,0.0301781468902484,iid
simplified_chemcpa,4i-melanoma-8h-48,decitabine,8,0.1338612872265339,0.8117091231671792,0.0194872708146605,iid
simplified_chemcpa,4i-melanoma-8h-48,trametinib_erlotinib,8,0.2628515724599286,1.4270500718814922,0.0553825251316449,iid
simplified_chemcpa,4i-melanoma-8h-48,erlotinib,8,0.1835998838154471,0.8139914719270314,0.0206259952416916,iid
simplified_chemcpa,4i-melanoma-8h-48,melphalan,8,0.469357436714501,0.6527818046978905,0.0211561917532498,iid
simplified_chemcpa,4i-melanoma-8h-48,mln2480,8,0.2088405394149433,1.3388900731963065,0.0484864043448545,iid
simplified_chemcpa,4i-melanoma-8h-48,trametinib_panobinostat,8,0.0347274571075559,1.7811573963393672,0.0826616631344028,iid
simplified_chemcpa,4i-melanoma-8h-48,imatinib,8,0.0008466724181253,2.248250989099859,0.0644190436759247,iid
simplified_chemcpa,4i-melanoma-8h-48,palbociclib,8,0.2231865675675184,0.9547228693020412,0.0268574194308678,iid
simplified_chemcpa,4i-melanoma-8h-48,pomalidomide_carfilzomib_dexamethasone,8,0.0002501223730021,2.209358980608024,0.0627219879309322,iid
simplified_chemcpa,4i-melanoma-8h-48,crizotinib,8,0.0203864366640725,3.0513895094988785,0.0910585671585334,iid
simplified_chemcpa,4i-melanoma-8h-48,sec.abcl,8,0.0789300265194322,2.970969898061373,0.1951136095366881,iid
simplified_chemcpa,4i-melanoma-8h-48,mln2480,8,0.5456441902294255,1.0332632913938542,0.0276299884863973,iid
simplified_chemcpa,4i-melanoma-8h-48,cl,8,0.6715004017373477,0.3661360356622722,0.0079754030677635,iid
simplified_chemcpa,4i-melanoma-8h-48,hydroxyurea,8,0.5302373049675837,0.6450768816967108,0.0164587298527384,iid
simplified_chemcpa,4i-melanoma-8h-48,cl,8,0.7791638842286057,0.2783525039325757,0.0105774979175471,iid
simplified_chemcpa,4i-melanoma-8h-48,dexamethasone,8,0.3297781617811426,0.9418765084828128,0.0353592133155363,iid
simplified_chemcpa,4i-melanoma-8h-48,dacarbazine,8,0.4164134769384585,0.8899726390590759,0.0231130923013549,iid
simplified_chemcpa,4i-melanoma-8h-48,dabrafenib,8,0.4521329839095667,0.6795922214732576,0.015203814661152,iid
simplified_chemcpa,4i-melanoma-8h-48,trametinib_panobinostat,8,0.192203734448846,1.5833573975054365,0.0627568104648382,iid
simplified_chemcpa,4i-melanoma-8h-48,hydroxyurea,8,0.2310340931587415,0.8760923231839899,0.0280119921679817,iid
simplified_chemcpa,4i-melanoma-8h-48,midostaurin,8,0.4240876652471639,0.917327570529075,0.0301320374214037,iid
simplified_chemcpa,4i-melanoma-8h-48,dasatinib,8,0.1166649848295403,1.6395614255455797,0.0332313220972914,iid
simplified_chemcpa,4i-melanoma-8h-48,ulixertinib,8,0.1839561281666731,1.7534642009924633,0.0694701229136164,iid
simplified_chemcpa,4i-melanoma-8h-48,trametinib_dabrafenib,8,0.1229396617789152,1.77282837347599,0.0720823232694459,iid
simplified_chemcpa,4i-melanoma-8h-48,vindesine,8,0.3223686129242018,0.9115206630112236,0.0265800547892308,iid
simplified_chemcpa,4i-melanoma-8h-48,imatinib,8,0.0286200755946581,1.9430484867281432,0.0569441741709178,iid
simplified_chemcpa,4i-melanoma-8h-48,olaparib,8,0.2964944647299704,0.8207160379266115,0.0243212217744239,iid
simplified_chemcpa,4i-melanoma-8h-48,erlotinib,8,0.2439925407500668,0.8291992543676348,0.023647458660908,iid
simplified_chemcpa,4i-melanoma-8h-48,sec.abcl,8,0.3150859976342194,3.024678626112706,0.1872167186854847,iid
simplified_chemcpa,4i-melanoma-8h-48,decitabine,8,0.361968358243271,0.6305009626892764,0.0167736162891625,iid
simplified_chemcpa,4i-melanoma-8h-48,temozolomide,8,0.0007502730022979,1.4602383075659509,0.0491091972963193,iid
simplified_chemcpa,4i-melanoma-8h-48,vindesine,8,0.0661158006842786,1.051660588770674,0.0324439034560839,iid
simplified_chemcpa,4i-melanoma-8h-48,lenalidomide,8,0.2163065740800013,1.099210198487791,0.0327235463321157,iid
simplified_chemcpa,4i-melanoma-8h-48,mln2480,8,0.3509138465907731,1.1484608136895285,0.0338909058432672,iid
simplified_chemcpa,4i-melanoma-8h-48,crizotinib,8,0.0019807954899009,2.851042540533029,0.0858894735554236,iid
simplified_chemcpa,4i-melanoma-8h-48,trametinib_midostaurin,8,0.0620616705301711,1.7191121723267857,0.0659021085310442,iid
simplified_chemcpa,4i-melanoma-8h-48,cl,8,0.6650617808176338,0.3869101705588897,0.0118303724783198,iid
simplified_chemcpa,4i-melanoma-8h-48,sorafenib,8,0.2761655916600619,0.986038261072943,0.0297665809980996,iid
simplified_chemcpa,4i-melanoma-8h-48,staurosporine,8,0.0052322509851928,5.251433063974852,0.2243827311222093,iid
simplified_chemcpa,4i-melanoma-8h-48,ixazomib,8,0.0355198180649197,2.061827839360803,0.0614326724169476,iid
simplified_chemcpa,4i-melanoma-8h-48,palbociclib,8,0.4457431692013067,0.7272828397231188,0.0271317501142259,iid
biolord,sciplex3-hvg-top1k_50,flavopiridol_hcl,50,0.8957574498364125,0.6943561,0.0411279047119193,iid
biolord,sciplex3-hvg-top1k_50,givinostat,50,0.9151296082944356,0.73230004,0.0245487807648236,iid
biolord,sciplex3-hvg-top1k_50,belinostat,50,0.9095778522348504,0.6492447,0.0647646469470185,iid
biolord,sciplex3-hvg-top1k_50,tak_901,50,0.960739046670798,0.5676713,0.0150507330313218,iid
biolord,sciplex3-hvg-top1k_50,jnj_26854165,50,0.9683816033280778,0.400259,0.0269636893018696,iid
biolord,sciplex3-hvg-top1k_50,hesperadin,50,0.9452382769960764,0.5511211,0.0202693813663398,iid
biolord,sciplex3-hvg-top1k_50,flavopiridol_hcl,50,0.935853019527152,0.54682446,0.0363157259987832,iid
biolord,sciplex3-hvg-top1k_50,tanespimycin,50,0.9425277015895508,0.46394342,0.0291142161903547,iid
biolord,sciplex3-hvg-top1k_50,hesperadin,50,0.9452382769960764,0.5511211,0.0202693813663398,iid
biolord,sciplex3-hvg-top1k_50,belinostat,50,0.9095778522348504,0.6492447,0.0647646469470185,iid
biolord,sciplex3-hvg-top1k_50,dacinostat,50,0.925748568984419,0.6666809,0.0464296314941529,iid
biolord,sciplex3-hvg-top1k_50,givinostat,50,0.9151296082944356,0.73230004,0.0245487807648236,iid
biolord,sciplex3-hvg-top1k_50,tanespimycin,50,0.9425277015895508,0.46394342,0.0291142161903547,iid
biolord,sciplex3-hvg-top1k_50,alvespimycin_hcl,50,0.866902049773494,0.6553452,0.0379376068364899,iid
biolord,sciplex3-hvg-top1k_50,tak_901,50,0.960739046670798,0.5676713,0.0150507330313218,iid
biolord,sciplex3-hvg-top1k_50,flavopiridol_hcl,50,0.8957574498364125,0.6943561,0.0411279047119193,iid
biolord,sciplex3-hvg-top1k_50,flavopiridol_hcl,50,0.8957574498364125,0.6943561,0.0411279047119193,iid
biolord,sciplex3-hvg-top1k_50,givinostat,50,0.923621902103124,0.6527147,0.0247796354502289,iid
biolord,sciplex3-hvg-top1k_50,alvespimycin_hcl,50,0.9454097895626452,0.4237174,0.036129342277523,iid
biolord,sciplex3-hvg-top1k_50,givinostat,50,0.9151296082944356,0.73230004,0.0245487807648236,iid
biolord,sciplex3-hvg-top1k_50,jnj_26854165,50,0.9683816033280778,0.400259,0.0269636893018696,iid
biolord,sciplex3-hvg-top1k_50,alvespimycin_hcl,50,0.866902049773494,0.6553452,0.0379376068364899,iid
biolord,sciplex3-hvg-top1k_50,dacinostat,50,0.925748568984419,0.6666809,0.0464296314941529,iid
biolord,sciplex3-hvg-top1k_50,givinostat,50,0.9151296082944356,0.73230004,0.0245487807648236,iid
biolord,sciplex3-hvg-top1k_50,tanespimycin,50,0.9425277015895508,0.46394342,0.0291142161903547,iid
biolord,sciplex3-hvg-top1k_50,jnj_26854165,50,0.9683816033280778,0.400259,0.0269636893018696,iid
biolord,sciplex3-hvg-top1k_50,jnj_26854165,50,0.9683816033280778,0.400259,0.0269636893018696,iid
biolord,sciplex3-hvg-top1k_50,tak_901,50,0.960739046670798,0.5676713,0.0150507330313218,iid
biolord,sciplex3-hvg-top1k_50,alvespimycin_hcl,50,0.866902049773494,0.6553452,0.0379376068364899,iid
biolord,sciplex3-hvg-top1k_50,alvespimycin_hcl,50,0.866902049773494,0.6553452,0.0379376068364899,iid
biolord,sciplex3-hvg-top1k_50,dacinostat,50,0.925748568984419,0.6666809,0.0464296314941529,iid
biolord,sciplex3-hvg-top1k_50,belinostat,50,0.9095778522348504,0.6492447,0.0647646469470185,iid
biolord,sciplex3-hvg-top1k_50,belinostat,50,0.9229248898850182,0.5699319,0.072316907716973,iid
biolord,sciplex3-hvg-top1k_50,tanespimycin,50,0.946166243831747,0.46447048,0.0314728882647939,iid
biolord,sciplex3-hvg-top1k_50,tanespimycin,50,0.9425277015895508,0.46394342,0.0291142161903547,iid
biolord,sciplex3-hvg-top1k_50,dacinostat,50,0.9445842554700477,0.71054035,0.0402040704289613,iid
biolord,sciplex3-hvg-top1k_50,jnj_26854165,50,0.9623389083803128,0.41823414,0.0252126370994736,iid
biolord,sciplex3-hvg-top1k_50,hesperadin,50,0.92995014075128,0.58147657,0.0158799557091174,iid
biolord,sciplex3-hvg-top1k_50,hesperadin,50,0.9452382769960764,0.5511211,0.0202693813663398,iid
biolord,sciplex3-hvg-top1k_50,tak_901,50,0.9185597338073138,0.76924276,0.0149627322633723,iid
biolord,sciplex3-hvg-top1k_50,hesperadin,50,0.9452382769960764,0.5511211,0.0202693813663398,iid
biolord,sciplex3-hvg-top1k_50,belinostat,50,0.9095778522348504,0.6492447,0.0647646469470185,iid
biolord,sciplex3-hvg-top1k_50,dacinostat,50,0.925748568984419,0.6666809,0.0464296314941529,iid
biolord,sciplex3-hvg-top1k_50,tak_901,50,0.960739046670798,0.5676713,0.0150507330313218,iid
biolord,sciplex3-hvg-top1k_50,flavopiridol_hcl,50,0.8957574498364125,0.6943561,0.0411279047119193,iid
biolord,4i-melanoma-8h-48,trametinib_midostaurin,8,0.8987366630393943,0.6946999960295343,0.0209320361019771,iid
biolord,4i-melanoma-8h-48,staurosporine,8,0.991258645379024,0.4446948528361791,0.0190633880913831,iid
biolord,4i-melanoma-8h-48,staurosporine,8,0.9850565526657096,0.6071336001277656,0.0223484131398463,iid
biolord,4i-melanoma-8h-48,vindesine,8,0.7361931190337629,0.5838341236201537,0.0202201079006235,iid
biolord,4i-melanoma-8h-48,everolimus,8,0.9714808109700916,0.2079074086391559,0.0184456638129621,iid
biolord,4i-melanoma-8h-48,vindesine,8,0.8951527580324624,0.3198839223534417,0.0206629510512806,iid
biolord,4i-melanoma-8h-48,regorafenib,8,0.9489017038675682,0.4687683371957371,0.0198572534945138,iid
biolord,4i-melanoma-8h-48,vindesine,8,0.9349920989532952,0.248168893134919,0.0232991270667537,iid
biolord,4i-melanoma-8h-48,cisplatin_olaparib,8,0.8139821230370214,0.4303401571589171,0.0200800940899584,iid
biolord,4i-melanoma-8h-48,sorafenib,8,0.9262437800260356,0.3352242146987371,0.023179309370996,iid
biolord,4i-melanoma-8h-48,temozolomide,8,0.9266289759923224,0.2267485453182166,0.0173882455962497,iid
biolord,4i-melanoma-8h-48,imatinib,8,0.9917661386908662,0.1970719300602495,0.0180259417798334,iid
biolord,4i-melanoma-8h-48,paclitaxel,8,0.8806754080258236,0.7694711715269095,0.0217032514307511,iid
biolord,4i-melanoma-8h-48,imatinib,8,0.9323574376727144,0.5879989558821827,0.0204499469204435,iid
biolord,4i-melanoma-8h-48,dexamethasone,8,0.9338875153718595,0.3284259400090763,0.0228038362828045,iid
biolord,4i-melanoma-8h-48,trametinib_midostaurin,8,0.9681385536798616,0.3111612567749457,0.0181909319731801,iid
biolord,4i-melanoma-8h-48,ixazomib,8,0.9755868597904094,0.3003398595328491,0.0210697107662932,iid
biolord,4i-melanoma-8h-48,cisplatin_olaparib,8,0.6799514533136027,0.4618441828790467,0.0179968295669379,iid
biolord,4i-melanoma-8h-48,melphalan,8,0.8016185599327856,0.327838467422391,0.0257444192828667,iid
biolord,4i-melanoma-8h-48,trametinib_dabrafenib,8,0.9813878598605602,0.2325579230655772,0.0151369000848187,iid
biolord,4i-melanoma-8h-48,ulixertinib,8,0.9748400028491796,0.3218180751820264,0.0160863625017126,iid
biolord,4i-melanoma-8h-48,cisplatin_olaparib,8,0.4651654576348352,0.6957544930968059,0.0282031455346945,iid
biolord,4i-melanoma-8h-48,pomalidomide_carfilzomib_dexamethasone,8,0.8905515876035048,0.5715769929717022,0.0212978075030458,iid
biolord,4i-melanoma-8h-48,vemurafenib_cobimetinib,8,0.9723399122287396,0.3265799894001218,0.0200726937091322,iid
biolord,4i-melanoma-8h-48,decitabine,8,0.7725471813932128,0.3963976384137291,0.0273510835081211,iid
biolord,4i-melanoma-8h-48,regorafenib,8,0.988915127794706,0.1799061308859766,0.0237828531684784,iid
biolord,4i-melanoma-8h-48,dexamethasone,8,0.8720182933942838,0.4204324597173761,0.0184790654036194,iid
biolord,4i-melanoma-8h-48,trametinib_erlotinib,8,0.96928746578507,0.3106036056243049,0.0089617855849134,iid
biolord,4i-melanoma-8h-48,hydroxyurea,8,0.9043458032333,0.346311635956388,0.0211514635035938,iid
biolord,4i-melanoma-8h-48,cisplatin_olaparib,8,0.9147228201496708,0.2223188416960587,0.0185538762648446,iid
biolord,4i-melanoma-8h-48,erlotinib,8,0.8259834447639854,0.3603169541362419,0.0137635595740225,iid
biolord,4i-melanoma-8h-48,ixazomib,8,0.9060775699060868,0.6792320031898037,0.0163346909382593,iid
biolord,4i-melanoma-8h-48,dabrafenib,8,0.9644877624297312,0.2064948108755957,0.0169735251642528,iid
biolord,4i-melanoma-8h-48,midostaurin,8,0.974242623117609,0.2099713912823761,0.017370145838097,iid
biolord,4i-melanoma-8h-48,midostaurin,8,0.9475337148170548,0.2993748734144034,0.0168541887737554,iid
biolord,4i-melanoma-8h-48,olaparib,8,0.6465517299164613,0.4594572582812118,0.0230183439355533,iid
biolord,4i-melanoma-8h-48,staurosporine,8,0.9966997246209937,0.2710619824571845,0.0174185944066073,iid
biolord,4i-melanoma-8h-48,cisplatin,8,0.782884369063028,0.3624834523956421,0.0153181625830171,iid
biolord,4i-melanoma-8h-48,sec.abcl,8,0.996056634234072,0.165561716301048,0.0203690516147891,iid
biolord,4i-melanoma-8h-48,lenalidomide,8,0.9398815264760032,0.1801334724237452,0.0351913008097259,iid
biolord,4i-melanoma-8h-48,sorafenib,8,0.921707068350781,0.3778293522430921,0.0212402909810902,iid
biolord,4i-melanoma-8h-48,panobinostat,8,0.9746491768977052,0.1890150387153863,0.0158778895783616,iid
biolord,4i-melanoma-8h-48,trametinib_erlotinib,8,0.9858636391418362,0.2030253145030962,0.0117322087250637,iid
biolord,4i-melanoma-8h-48,melphalan,8,0.6712292210498609,0.3957570161040235,0.0169594162170979,iid
biolord,4i-melanoma-8h-48,crizotinib,8,0.9890149858382952,0.2676410370808663,0.0229996954268075,iid
biolord,4i-melanoma-8h-48,trametinib_midostaurin,8,0.9510384496992264,0.4448415745649961,0.0164285603917769,iid
biolord,4i-melanoma-8h-48,dabrafenib,8,0.9535536150324564,0.230641493289862,0.01441452599771,iid
biolord,4i-melanoma-8h-48,trametinib_midostaurin,8,0.9549398239869004,0.4004299771407648,0.0207143685116793,iid
biolord,4i-melanoma-8h-48,sec.abcl,8,0.9965565409361822,0.161214975108756,0.0115399783471036,iid
biolord,4i-melanoma-8h-48,decitabine,8,0.8654394412540468,0.2911106049109892,0.0251614975318328,iid
biolord,4i-melanoma-8h-48,panobinostat,8,0.86408440643415,0.5057284252680749,0.0167935076851373,iid
biolord,4i-melanoma-8h-48,pomalidomide_carfilzomib_dexamethasone,8,0.9161060382660784,0.5295852775990532,0.0177235623568478,iid
biolord,4i-melanoma-8h-48,everolimus,8,0.9500113472417634,0.3779194808073732,0.0207597263811541,iid
biolord,4i-melanoma-8h-48,regorafenib,8,0.8984439109360065,0.5354651649903422,0.0348485091786153,iid
biolord,4i-melanoma-8h-48,panobinostat,8,0.91745924972585,0.4618697751988593,0.0192075694724255,iid
biolord,4i-melanoma-8h-48,olaparib,8,0.7361153453803682,0.3595023792365788,0.0166290443082187,iid
biolord,4i-melanoma-8h-48,staurosporine,8,0.996123641269529,0.3386381121557264,0.0147291209277055,iid
biolord,4i-melanoma-8h-48,ixazomib,8,0.9550616005383532,0.3874407464958621,0.0288439272288025,iid
biolord,4i-melanoma-8h-48,pomalidomide_carfilzomib_dexamethasone,8,0.9718688429615984,0.2778249821683481,0.0184979702649029,iid
biolord,4i-melanoma-8h-48,panobinostat,8,0.9846321871738154,0.1483900979577204,0.0142238541873301,iid
biolord,4i-melanoma-8h-48,erlotinib,8,0.8993984330125072,0.3261471013386786,0.017108810240513,iid
biolord,4i-melanoma-8h-48,midostaurin,8,0.9200291754114602,0.3683305652643838,0.0264455949112275,iid
biolord,4i-melanoma-8h-48,dasatinib,8,0.9791182352748136,0.2390144128539975,0.0164528467301356,iid
biolord,4i-melanoma-8h-48,paclitaxel,8,0.9354712514735536,0.7353524002035408,0.0259225472706092,iid
biolord,4i-melanoma-8h-48,melphalan,8,0.6977401684751334,0.4731516718518443,0.0159792366686828,iid
biolord,4i-melanoma-8h-48,panobinostat,8,0.9336238735276516,0.3320262292816398,0.0191311023517383,iid
biolord,4i-melanoma-8h-48,ulixertinib,8,0.9831885982058812,0.2503118624618982,0.0156146032900605,iid
biolord,4i-melanoma-8h-48,erlotinib,8,0.7674526937950541,0.4424368106594134,0.0168041003479464,iid
biolord,4i-melanoma-8h-48,ixazomib_lenalidomide_dexamethasone,8,0.9541517583409675,0.3340467975646592,0.0206910788808611,iid
biolord,4i-melanoma-8h-48,trametinib_panobinostat,8,0.9689867146792658,0.2986594804031997,0.0193867086321122,iid
biolord,4i-melanoma-8h-48,dabrafenib,8,0.9513166566130596,0.2301155309761167,0.0120576169457365,iid
biolord,4i-melanoma-8h-48,cisplatin,8,0.5660091921616521,0.58420100456973,0.0190730273453507,iid
biolord,4i-melanoma-8h-48,dabrafenib,8,0.8906931668188515,0.3724013755523866,0.0166517917847144,iid
biolord,4i-melanoma-8h-48,paclitaxel,8,0.9750554152613696,0.4252328942744032,0.0215412174938033,iid
biolord,4i-melanoma-8h-48,everolimus,8,0.9571652073006152,0.3382549506287993,0.0160924949592199,iid
biolord,4i-melanoma-8h-48,midostaurin,8,0.9232548942575538,0.4022106563379071,0.0218356383332094,iid
biolord,4i-melanoma-8h-48,trametinib,8,0.9696268057887248,0.262073145780643,0.0175053878302105,iid
biolord,4i-melanoma-8h-48,cisplatin,8,0.8484649637430663,0.3402135866103082,0.0288114651171541,iid
biolord,4i-melanoma-8h-48,lenalidomide,8,0.8798137269440683,0.3061489622644032,0.0236892866833267,iid
biolord,4i-melanoma-8h-48,dacarbazine,8,0.3602362505736008,0.5912333559771228,0.0226539616654675,iid
biolord,4i-melanoma-8h-48,trametinib_erlotinib,8,0.9885434578288624,0.1814436320645835,0.0144825906170518,iid
biolord,4i-melanoma-8h-48,trametinib_erlotinib,8,0.9801491201317348,0.2258675433672013,0.0157458322291552,iid
biolord,4i-melanoma-8h-48,ixazomib_lenalidomide_dexamethasone,8,0.838641877317593,0.6025031314555395,0.0196819310527664,iid
biolord,4i-melanoma-8h-48,trametinib_dabrafenib,8,0.9579329061932064,0.3302680859723504,0.0155113329215454,iid
biolord,4i-melanoma-8h-48,sorafenib,8,0.6610397002111559,0.7790310676390256,0.033687991328534,iid
biolord,4i-melanoma-8h-48,ixazomib_lenalidomide_dexamethasone,8,0.9748375411181296,0.1980603994602103,0.0180743958881282,iid
biolord,4i-melanoma-8h-48,cisplatin_olaparib,8,0.7998497155344447,0.4484196020698437,0.0185864751858386,iid
biolord,4i-melanoma-8h-48,hydroxyurea,8,0.8398168814964261,0.3377355607716056,0.0275223666946556,iid
biolord,4i-melanoma-8h-48,crizotinib,8,0.9896778479611592,0.2670939786997552,0.0206700106955148,iid
biolord,4i-melanoma-8h-48,dasatinib,8,0.7172932154131364,0.9944028933101522,0.0249579204593684,iid
biolord,4i-melanoma-8h-48,olaparib,8,0.8718243133237302,0.2183537316450799,0.0160771404929638,iid
biolord,4i-melanoma-8h-48,dasatinib,8,0.922977491845256,0.5967509699670919,0.0249530069817832,iid
biolord,4i-melanoma-8h-48,vemurafenib_cobimetinib,8,0.9841681801542808,0.3090318317945373,0.0175353725786584,iid
biolord,4i-melanoma-8h-48,lenalidomide,8,0.6702553662888947,0.4389959630958901,0.018119293260481,iid
biolord,4i-melanoma-8h-48,trametinib_dabrafenib,8,0.9790774994869056,0.2616717619245629,0.0193162603467893,iid
biolord,4i-melanoma-8h-48,vemurafenib_cobimetinib,8,0.9691204723353144,0.3162387902968593,0.0146489970925086,iid
biolord,4i-melanoma-8h-48,trametinib_panobinostat,8,0.9806552767097017,0.2275004856155232,0.0149576687035393,iid
biolord,4i-melanoma-8h-48,mln2480,8,0.985355802352728,0.1891234738098608,0.0164916143007751,iid
biolord,4i-melanoma-8h-48,vemurafenib_cobimetinib,8,0.8469487400842809,0.750445755189531,0.0173211203992224,iid
biolord,4i-melanoma-8h-48,dacarbazine,8,0.5635880745274144,0.4668592277986116,0.0204328284363513,iid
biolord,4i-melanoma-8h-48,decitabine,8,0.5990682400087489,0.5575936407205546,0.0226337495978964,iid
biolord,4i-melanoma-8h-48,cl,8,0.9326158029136336,0.2541469971310804,0.0138951533469965,iid
biolord,4i-melanoma-8h-48,imatinib,8,0.9889042776128472,0.1983016278583438,0.0221767066131002,iid
biolord,4i-melanoma-8h-48,regorafenib,8,0.9056730390376884,0.4873045800427572,0.0364963108696625,iid
biolord,4i-melanoma-8h-48,sec.abcl,8,0.9964535885691912,0.1762877441269515,0.0200518221573193,iid
biolord,4i-melanoma-8h-48,hydroxyurea,8,0.9191496178494322,0.2411239833221593,0.0207487597965739,iid
biolord,4i-melanoma-8h-48,crizotinib,8,0.9909345328374484,0.3046037606664774,0.0178398660935065,iid
biolord,4i-melanoma-8h-48,dexamethasone,8,0.9108747292197354,0.38659069313472,0.0135031243078142,iid
biolord,4i-melanoma-8h-48,ixazomib_lenalidomide_dexamethasone,8,0.871544837211696,0.4880039944407768,0.0198516094149172,iid
biolord,4i-melanoma-8h-48,mln2480,8,0.9177108572190182,0.4827002345688482,0.0184206938461857,iid
biolord,4i-melanoma-8h-48,paclitaxel,8,0.9903852700093684,0.4305671709165329,0.0199859494963252,iid
biolord,4i-melanoma-8h-48,everolimus,8,0.9862694703637014,0.1521909835890549,0.0186301999683451,iid
biolord,4i-melanoma-8h-48,dasatinib,8,0.9367575120106272,0.4718270244647981,0.0211572982850189,iid
biolord,4i-melanoma-8h-48,palbociclib,8,0.8529835159649974,0.2875685844682409,0.0253014610005076,iid
biolord,4i-melanoma-8h-48,dacarbazine,8,0.8472612190394713,0.3073429068878974,0.0152626751342367,iid
biolord,4i-melanoma-8h-48,vemurafenib_cobimetinib,8,0.9009772820939652,0.5585763893022034,0.0250046589906252,iid
biolord,4i-melanoma-8h-48,dexamethasone,8,0.9473806631192274,0.2380547598593398,0.0194008721417932,iid
biolord,4i-melanoma-8h-48,temozolomide,8,0.8501636833574998,0.356627174385733,0.0239330028486927,iid
biolord,4i-melanoma-8h-48,regorafenib,8,0.9630239942351416,0.3689685569720311,0.0343473586815515,iid
biolord,4i-melanoma-8h-48,trametinib,8,0.9691583811003086,0.2890220079150862,0.0142320830922318,iid
biolord,4i-melanoma-8h-48,trametinib_dabrafenib,8,0.9906471432550557,0.2018654051868559,0.0166101772634585,iid
biolord,4i-melanoma-8h-48,ixazomib_lenalidomide_dexamethasone,8,0.9169222703223796,0.3994251291930832,0.0215463108155347,iid
biolord,4i-melanoma-8h-48,cisplatin,8,0.8030319664775045,0.2774281159768512,0.0256141672234173,iid
biolord,4i-melanoma-8h-48,temozolomide,8,0.5691869341012491,0.6761679607641242,0.0246045187932533,iid
biolord,4i-melanoma-8h-48,paclitaxel,8,0.9168402214185146,0.5850779515110711,0.0289719921464991,iid
biolord,4i-melanoma-8h-48,palbociclib,8,0.906279159262443,0.2287249914338419,0.0205236009097049,iid
biolord,4i-melanoma-8h-48,trametinib_panobinostat,8,0.981686360305337,0.2481970094836118,0.0173441999567806,iid
biolord,4i-melanoma-8h-48,ulixertinib,8,0.9895226562586056,0.2541025968264793,0.014944399422805,iid
biolord,4i-melanoma-8h-48,lenalidomide,8,0.8776784577600014,0.3086588550823158,0.0187715636879389,iid
biolord,4i-melanoma-8h-48,dacarbazine,8,0.7757285354832251,0.325495763454429,0.0215819346791166,iid
biolord,4i-melanoma-8h-48,temozolomide,8,0.800271625573019,0.3957867842384913,0.0212772903835835,iid
biolord,4i-melanoma-8h-48,trametinib,8,0.9678466791848748,0.2917365241639855,0.011527045200379,iid
biolord,4i-melanoma-8h-48,trametinib,8,0.903128717258256,0.6657853738625692,0.0227317994653483,iid
biolord,4i-melanoma-8h-48,everolimus,8,0.8932150509983146,0.4379552488569806,0.0206255689127417,iid
biolord,4i-melanoma-8h-48,pomalidomide_carfilzomib_dexamethasone,8,0.9292940589784252,0.5167792973290228,0.0192556572757071,iid
biolord,4i-melanoma-8h-48,cisplatin,8,0.8600653754406262,0.3654805888938143,0.0205661243245334,iid
biolord,4i-melanoma-8h-48,sorafenib,8,0.7984691714969707,0.5709463054134324,0.0195378165457787,iid
biolord,4i-melanoma-8h-48,ulixertinib,8,0.9784419490146824,0.3005079897537626,0.0197261526773821,iid
biolord,4i-melanoma-8h-48,ixazomib,8,0.8616168780268066,0.9199054905853404,0.0263085456950476,iid
biolord,4i-melanoma-8h-48,cl,8,0.8549160682431075,0.3660662932634796,0.0154364141137092,iid
biolord,4i-melanoma-8h-48,melphalan,8,0.5596915713929772,0.4797340508954339,0.0186787197862062,iid
biolord,4i-melanoma-8h-48,trametinib,8,0.9651596354156764,0.3560382343846586,0.0192470099672682,iid
biolord,4i-melanoma-8h-48,palbociclib,8,0.8590322637489626,0.2797799185378394,0.0155808002032353,iid
biolord,4i-melanoma-8h-48,olaparib,8,0.6789989201574596,0.4148707707279059,0.0178853442692275,iid
biolord,4i-melanoma-8h-48,decitabine,8,0.8085073328454682,0.3048876076824111,0.0183733759907099,iid
biolord,4i-melanoma-8h-48,trametinib_erlotinib,8,0.9705804657419824,0.272800556227915,0.014446822200321,iid
biolord,4i-melanoma-8h-48,erlotinib,8,0.927752427418009,0.2359156726685764,0.01742505974128,iid
biolord,4i-melanoma-8h-48,melphalan,8,0.5989048606282066,0.5229832996738332,0.0197838037069844,iid
biolord,4i-melanoma-8h-48,mln2480,8,0.9427401943419168,0.3897982512674989,0.0197837121007456,iid
biolord,4i-melanoma-8h-48,trametinib_panobinostat,8,0.9639161832594604,0.3833133245967609,0.0176699616367971,iid
biolord,4i-melanoma-8h-48,imatinib,8,0.9682119369071532,0.4451995568499868,0.0172629154984261,iid
biolord,4i-melanoma-8h-48,palbociclib,8,0.6876876972648575,0.4436718951638628,0.0289182363847891,iid
biolord,4i-melanoma-8h-48,pomalidomide_carfilzomib_dexamethasone,8,0.8359298884653515,0.7680516250138877,0.0202511460648956,iid
biolord,4i-melanoma-8h-48,crizotinib,8,0.970627764697456,0.5126796217721136,0.0284096711551474,iid
biolord,4i-melanoma-8h-48,sec.abcl,8,0.9969628976170184,0.1443643383647221,0.0204327083902216,iid
biolord,4i-melanoma-8h-48,mln2480,8,0.9673407068405396,0.2494475111108863,0.018658197712109,iid
biolord,4i-melanoma-8h-48,cl,8,0.9276096889879406,0.2408548507342081,0.0149995586905302,iid
biolord,4i-melanoma-8h-48,hydroxyurea,8,0.864151147276443,0.3871334092050022,0.0327777130718157,iid
biolord,4i-melanoma-8h-48,cl,8,0.8988072767770345,0.3548993895819045,0.0143059812613101,iid
biolord,4i-melanoma-8h-48,dexamethasone,8,0.9632157265256412,0.2012122087410647,0.0170767529899593,iid
biolord,4i-melanoma-8h-48,dacarbazine,8,0.718669785539395,0.4044518606939638,0.019801613025449,iid
biolord,4i-melanoma-8h-48,dabrafenib,8,0.9129495887489854,0.3644986573600255,0.0153717071980095,iid
biolord,4i-melanoma-8h-48,trametinib_panobinostat,8,0.975310706981912,0.2541041110338082,0.0173393058389651,iid
biolord,4i-melanoma-8h-48,hydroxyurea,8,0.9398218984789706,0.2301715390966993,0.0204050242263901,iid
biolord,4i-melanoma-8h-48,midostaurin,8,0.9415583682406184,0.3586691181543304,0.0185526718371127,iid
biolord,4i-melanoma-8h-48,dasatinib,8,0.9554103413753726,0.4080058712503043,0.0220685448651425,iid
biolord,4i-melanoma-8h-48,ulixertinib,8,0.9900587192083506,0.2238635522049999,0.0176850900553071,iid
biolord,4i-melanoma-8h-48,trametinib_dabrafenib,8,0.986033768374991,0.208265059434697,0.0172263686742386,iid
biolord,4i-melanoma-8h-48,vindesine,8,0.5960509577674298,0.728134574923474,0.0548012111310437,iid
biolord,4i-melanoma-8h-48,imatinib,8,0.980579128375194,0.312187694897873,0.024521784661019,iid
biolord,4i-melanoma-8h-48,olaparib,8,0.8961612681259986,0.2451825330799623,0.0179126238957739,iid
biolord,4i-melanoma-8h-48,erlotinib,8,0.8541573122594434,0.4277584984047867,0.0121309775411327,iid
biolord,4i-melanoma-8h-48,sec.abcl,8,0.9963454954452732,0.1520888717739709,0.0168235109839129,iid
biolord,4i-melanoma-8h-48,decitabine,8,0.693216982013335,0.4312553969091336,0.0181070848275347,iid
biolord,4i-melanoma-8h-48,temozolomide,8,0.9112060339234416,0.2448482778535168,0.0222893130912244,iid
biolord,4i-melanoma-8h-48,vindesine,8,0.7697255592888247,0.5612688807865696,0.0239832423977397,iid
biolord,4i-melanoma-8h-48,lenalidomide,8,0.8281025541975107,0.3419959220460389,0.0215359455518792,iid
biolord,4i-melanoma-8h-48,mln2480,8,0.9797545536644549,0.2026969370614846,0.0160955008051278,iid
biolord,4i-melanoma-8h-48,crizotinib,8,0.9767929955640624,0.3957633980891412,0.023517913059816,iid
biolord,4i-melanoma-8h-48,trametinib_midostaurin,8,0.9895200753008324,0.1836217287772036,0.0147392728028279,iid
biolord,4i-melanoma-8h-48,cl,8,0.9463421734103036,0.2138852453305474,0.0137943540768795,iid
biolord,4i-melanoma-8h-48,sorafenib,8,0.7790994266646711,0.6035936653146071,0.0293180976665566,iid
biolord,4i-melanoma-8h-48,staurosporine,8,0.9867837918129804,0.7998761077157293,0.0235344881294852,iid
biolord,4i-melanoma-8h-48,ixazomib,8,0.9397880709395532,0.4301005495873647,0.0242109732472519,iid
biolord,4i-melanoma-8h-48,palbociclib,8,0.8027425333177106,0.4126892294931144,0.0358415015210863,iid
